antecedents,consequents,antecedent support,consequent support,support,confidence,lift,leverage,conviction,zhangs_metric
{'cromoconsultoria'},{'aeroutfprcuritiba'},0.024237685691946835,0.03127443315089914,0.010164190774042221,0.41935483870967744,13.408870967741937,0.009406170893136926,1.6683606984623405,0.9484097633136095
{'aeroutfprcuritiba'},{'cromoconsultoria'},0.03127443315089914,0.024237685691946835,0.010164190774042221,0.325,13.408870967741935,0.009406170893136926,1.4455737989748936,0.955298938349786
{'aeroutfprcuritiba'},{'curitiba_pmc'},0.03127443315089914,0.31430805316653637,0.0109460516028147,0.35000000000000003,1.1135572139303482,0.0011162454052686052,1.054910687436098,0.10526922633460167
{'curitiba_pmc'},{'aeroutfprcuritiba'},0.31430805316653637,0.03127443315089914,0.0109460516028147,0.03482587064676617,1.1135572139303485,0.0011162454052686052,1.0036795821477797,0.14872129011239618
{'aeroutfprcuritiba'},{'nasa'},0.03127443315089914,0.1563721657544957,0.012509773260359656,0.4,2.5580000000000003,0.0076193224158093605,1.406046390409174,0.6287328490718321
{'nasa'},{'aeroutfprcuritiba'},0.1563721657544957,0.03127443315089914,0.012509773260359656,0.08,2.5580000000000003,0.0076193224158093605,1.0529625726620662,0.721964782205746
{'aeroutfprcuritiba'},{'oquefazercuritiba'},0.03127443315089914,0.2071931196247068,0.011727912431587178,0.375,1.8099056603773584,0.0052480650625580366,1.2684910086004693,0.4619316653214959
{'oquefazercuritiba'},{'aeroutfprcuritiba'},0.2071931196247068,0.03127443315089914,0.011727912431587178,0.05660377358490566,1.8099056603773587,0.0052480650625580366,1.0268491008600469,0.564431295200526