antecedents,consequents,antecedent support,consequent support,support,confidence,lift,leverage,conviction,zhangs_metric
{'lucasinutilismo'},{'azure_bears'},0.1313526192337764,0.028928850664581705,0.010164190774042221,0.07738095238095238,2.6748712998713,0.006364310467826642,1.0525158263764534,0.7208336218237209
{'azure_bears'},{'lucasinutilismo'},0.028928850664581705,0.1313526192337764,0.010164190774042221,0.35135135135135137,2.6748712998713,0.006364310467826642,1.3391647120145946,0.6448036665427971
{'netflixbrasil'},{'azure_bears'},0.2799061767005473,0.028928850664581705,0.0109460516028147,0.03910614525139665,1.3518043182847652,0.002848687616950547,1.0105914868083714,0.36140840701101284
{'azure_bears'},{'netflixbrasil'},0.028928850664581705,0.2799061767005473,0.0109460516028147,0.3783783783783784,1.3518043182847654,0.002848687616950547,1.1584118026991197,0.26800092017483323
{'osbarbaazul'},{'azure_bears'},0.03205629397967162,0.028928850664581705,0.010164190774042221,0.3170731707317073,10.96044825313118,0.009236839032644372,1.4219256115268626,0.9388592021871506
{'azure_bears'},{'osbarbaazul'},0.028928850664581705,0.03205629397967162,0.010164190774042221,0.35135135135135137,10.96044825313118,0.009236839032644372,1.4922465467813395,0.9358355010528925