antecedents,consequents,antecedent support,consequent support,support,confidence,lift,leverage,conviction,zhangs_metric
{'curitiba_pmc'},{'cacarutfpr'},0.31430805316653637,0.03127443315089914,0.011727912431587178,0.03731343283582089,1.193097014925373,0.0018981062340410835,1.0062730694401512,0.23603192702394524
{'cacarutfpr'},{'curitiba_pmc'},0.03127443315089914,0.31430805316653637,0.011727912431587178,0.375,1.193097014925373,0.0018981062340410835,1.0971071149335418,0.16707021791767554
{'cacarutfpr'},{'graduacao_utfpr_curitiba'},0.03127443315089914,0.13604378420641125,0.010164190774042221,0.325,2.3889367816091958,0.005909498539283464,1.2799351345090202,0.6001738374619732
{'graduacao_utfpr_curitiba'},{'cacarutfpr'},0.13604378420641125,0.03127443315089914,0.010164190774042221,0.07471264367816093,2.3889367816091958,0.005909498539283464,1.0469456436754256,0.6729550991994431
{'pedraolar'},{'cacarutfpr'},0.10711493354182955,0.03127443315089914,0.010164190774042221,0.09489051094890512,3.034124087591241,0.006814231945525269,1.0702855053090872,0.750841977637074
{'cacarutfpr'},{'pedraolar'},0.03127443315089914,0.10711493354182955,0.010164190774042221,0.325,3.034124087591241,0.006814231945525269,1.3227926910491412,0.6920593530763023