antecedents,consequents,antecedent support,consequent support,support,confidence,lift,leverage,conviction,zhangs_metric
{'curitiba_pmc'},{'caeln.utfpr'},0.31430805316653637,0.0328381548084441,0.014073494917904612,0.04477611940298507,1.3635394456289978,0.0037521984104812132,1.0124975566849101,0.3888255416191561
{'caeln.utfpr'},{'curitiba_pmc'},0.0328381548084441,0.31430805316653637,0.014073494917904612,0.42857142857142855,1.3635394456289978,0.0037521984104812132,1.1999609069585615,0.2756669361358124
{'graduacao_utfpr_curitiba'},{'caeln.utfpr'},0.13604378420641125,0.0328381548084441,0.013291634089132134,0.09770114942528736,2.975232621784346,0.00882420724263544,1.0718863761995587,0.7684322597817408
{'caeln.utfpr'},{'graduacao_utfpr_curitiba'},0.0328381548084441,0.13604378420641125,0.013291634089132134,0.4047619047619047,2.975232621784346,0.00882420724263544,1.4514464425332287,0.6864330210661469