antecedents,consequents,antecedent support,consequent support,support,confidence,lift,leverage,conviction,zhangs_metric
{'caem_utfpr'},{'avalancheutfpr'},0.02111024237685692,0.1892103205629398,0.011727912431587178,0.5555555555555556,2.936179981634527,0.007733636704300724,1.8242767787333853,0.6736421725239616
{'avalancheutfpr'},{'caem_utfpr'},0.1892103205629398,0.02111024237685692,0.011727912431587178,0.06198347107438017,2.936179981634527,0.007733636704300724,1.0435741028405314,0.813307618129219
{'caem_utfpr'},{'damec.utfpr'},0.02111024237685692,0.01563721657544957,0.012509773260359656,0.5925925925925926,37.8962962962963,0.012179667828352512,2.4161631956784415,0.9946086261980831
{'damec.utfpr'},{'caem_utfpr'},0.01563721657544957,0.02111024237685692,0.012509773260359656,0.8,37.8962962962963,0.012179667828352512,4.894448788115716,0.9890786338363782