antecedents,consequents,antecedent support,consequent support,support,confidence,lift,leverage,conviction,zhangs_metric
{'caft.utfpr'},{'cursodeadministracaoutfpr'},0.023455824863174355,0.02111024237685692,0.014073494917904612,0.6,28.42222222222222,0.013578336769893895,2.4472243940578577,0.987990392313851
{'cursodeadministracaoutfpr'},{'caft.utfpr'},0.02111024237685692,0.023455824863174355,0.014073494917904612,0.6666666666666666,28.42222222222222,0.013578336769893895,2.9296325254104767,0.9856230031948882