antecedents,consequents,antecedent support,consequent support,support,confidence,lift,leverage,conviction,zhangs_metric
{'graduacao_utfpr_curitiba'},{'catron.utfpr'},0.13604378420641125,0.027365129007036748,0.010164190774042221,0.07471264367816093,2.7302134646962233,0.006441335068628309,1.051170605917861,0.7335189697180647
{'catron.utfpr'},{'graduacao_utfpr_curitiba'},0.027365129007036748,0.13604378420641125,0.010164190774042221,0.37142857142857144,2.7302134646962237,0.006441335068628309,1.3744757978534365,0.6515582488251299
{'luh367'},{'catron.utfpr'},0.020328381548084442,0.027365129007036748,0.010164190774042221,0.5,18.271428571428572,0.009607901990474624,1.9452697419859266,0.9648842777334398
{'catron.utfpr'},{'luh367'},0.027365129007036748,0.020328381548084442,0.010164190774042221,0.37142857142857144,18.271428571428572,0.009607901990474624,1.5585684839007747,0.9718649517684886