antecedents,consequents,antecedent support,consequent support,support,confidence,lift,leverage,conviction,zhangs_metric
{'cdp_utfprct'},{'curitiba_pmc'},0.024237685691946835,0.31430805316653637,0.010164190774042221,0.41935483870967744,1.3342160166907397,0.002546090970943997,1.1809139084354099,0.2567184418145956
{'curitiba_pmc'},{'cdp_utfprct'},0.31430805316653637,0.024237685691946835,0.010164190774042221,0.03233830845771144,1.3342160166907397,0.002546090970943997,1.0083713376653918,0.3653188316814313
{'cdp_utfprct'},{'graduacao_utfpr_curitiba'},0.024237685691946835,0.13604378420641125,0.014855355746677092,0.6129032258064516,4.505190952910642,0.011557969264739055,2.231886890800104,0.7973599865047234
{'graduacao_utfpr_curitiba'},{'cdp_utfprct'},0.13604378420641125,0.024237685691946835,0.014855355746677092,0.1091954022988506,4.505190952910642,0.011557969264739055,1.095371888320008,0.9005477494641582