antecedents,consequents,antecedent support,consequent support,support,confidence,lift,leverage,conviction,zhangs_metric
{'avalancheutfpr'},{'civil_utfprct'},0.1892103205629398,0.020328381548084442,0.014855355746677092,0.07851239669421488,3.8622059758423393,0.011009016157438285,1.063141397602527,0.9140232451910877
{'civil_utfprct'},{'avalancheutfpr'},0.020328381548084442,0.1892103205629398,0.014855355746677092,0.7307692307692307,3.8622059758423393,0.011009016157438285,3.011504523623366,0.7564581845675642
{'cacarutfpr'},{'civil_utfprct'},0.03127443315089914,0.020328381548084442,0.017982799061767005,0.5750000000000001,28.285576923076924,0.01734704045197547,2.3051096904750956,0.9957890304242554
{'civil_utfprct'},{'cacarutfpr'},0.020328381548084442,0.03127443315089914,0.017982799061767005,0.8846153846153846,28.285576923076924,0.01734704045197547,8.395621579358872,0.9846628960061071
{'civil_utfprct'},{'cervejadaavalanche'},0.020328381548084442,0.10242376856919469,0.0109460516028147,0.5384615384615384,5.257193188490898,0.008863942155747411,1.9447485014334114,0.8265876182875385
{'cervejadaavalanche'},{'civil_utfprct'},0.10242376856919469,0.020328381548084442,0.0109460516028147,0.10687022900763359,5.2571931884908985,0.008863942155747411,1.0968972821982985,0.9021901443504231