antecedents,consequents,antecedent support,consequent support,support,confidence,lift,leverage,conviction,zhangs_metric
{'curitiba_pmc'},{'daeln.ct_utfpr'},0.31430805316653637,0.026583268178264268,0.0109460516028147,0.03482587064676617,1.310067310506292,0.0025907163349005186,1.0085400159596334,0.3451702231633816
{'daeln.ct_utfpr'},{'curitiba_pmc'},0.026583268178264268,0.31430805316653637,0.0109460516028147,0.411764705882353,1.310067310506292,0.0025907163349005186,1.1656763096168885,0.24314400458978766
{'daeln.ct_utfpr'},{'graduacao_utfpr_curitiba'},0.026583268178264268,0.13604378420641125,0.010164190774042221,0.3823529411764706,2.810513860716701,0.006547702374497278,1.3987862541420006,0.6617856039542788
{'graduacao_utfpr_curitiba'},{'daeln.ct_utfpr'},0.13604378420641125,0.026583268178264268,0.010164190774042221,0.07471264367816093,2.810513860716701,0.006547702374497278,1.052015598366348,0.7456317438217891