antecedents,consequents,antecedent support,consequent support,support,confidence,lift,leverage,conviction,zhangs_metric
{'easfestas'},{'biotiba'},0.020328381548084442,0.023455824863174355,0.010164190774042221,0.5,21.316666666666666,0.009687371816698567,1.9530883502736514,0.9728651237031125
{'biotiba'},{'easfestas'},0.023455824863174355,0.020328381548084442,0.010164190774042221,0.43333333333333335,21.316666666666666,0.009687371816698567,1.7288322678563215,0.9759807846277021
{'curitiba_pmc'},{'easfestas'},0.31430805316653637,0.020328381548084442,0.011727912431587178,0.03731343283582089,1.8355338691159584,0.005338538403182215,1.0176433866089665,0.6638540478905357
{'easfestas'},{'curitiba_pmc'},0.020328381548084442,0.31430805316653637,0.011727912431587178,0.5769230769230769,1.8355338691159584,0.005338538403182215,1.6207264197881868,0.4646448523543495
{'easfestas'},{'laismontagnini'},0.020328381548084442,0.017982799061767005,0.010164190774042221,0.5,27.804347826086957,0.009798629573412087,1.964034401876466,0.9840383080606545
{'laismontagnini'},{'easfestas'},0.017982799061767005,0.020328381548084442,0.010164190774042221,0.5652173913043479,27.804347826086957,0.009798629573412087,2.253244722439406,0.981687898089172