antecedents,consequents,antecedent support,consequent support,support,confidence,lift,leverage,conviction,zhangs_metric
{'curitiba_pmc'},{'equipesutfpr_ct'},0.31430805316653637,0.03127443315089914,0.012509773260359656,0.03980099502487562,1.272636815920398,0.0026799670628135618,1.0088799944905145,0.3124287343215507
{'equipesutfpr_ct'},{'curitiba_pmc'},0.03127443315089914,0.31430805316653637,0.012509773260359656,0.4,1.272636815920398,0.0026799670628135618,1.1428199113891062,0.2211460855528652
{'graduacao_utfpr_curitiba'},{'equipesutfpr_ct'},0.13604378420641125,0.03127443315089914,0.010164190774042221,0.07471264367816093,2.3889367816091958,0.005909498539283464,1.0469456436754256,0.6729550991994431
{'equipesutfpr_ct'},{'graduacao_utfpr_curitiba'},0.03127443315089914,0.13604378420641125,0.010164190774042221,0.325,2.3889367816091958,0.005909498539283464,1.2799351345090202,0.6001738374619732
{'equipesutfpr_ct'},{'joia.curitiba'},0.03127443315089914,0.04691164972634871,0.010164190774042221,0.325,6.9279166666666665,0.008697055520677132,1.4119827411461499,0.883280561246663
{'joia.curitiba'},{'equipesutfpr_ct'},0.04691164972634871,0.03127443315089914,0.010164190774042221,0.21666666666666667,6.927916666666667,0.008697055520677132,1.2366709364031074,0.8977724490439831