antecedents,consequents,antecedent support,consequent support,support,confidence,lift,leverage,conviction,zhangs_metric
{'abelhas.utfpr'},{'meninasnascienciasutfpr'},0.022673964034401875,0.03440187646598905,0.010164190774042221,0.4482758620689656,13.030564263322887,0.009384163864336449,1.7501465989053948,0.9446769230769231
{'meninasnascienciasutfpr'},{'abelhas.utfpr'},0.03440187646598905,0.022673964034401875,0.010164190774042221,0.29545454545454547,13.030564263322885,0.009384163864336449,1.3871724381447197,0.9561507318592339
{'curitiba_pmc'},{'meninasnascienciasutfpr'},0.31430805316653637,0.03440187646598905,0.01641907740422205,0.05223880597014925,1.5184871099050203,0.0056062905869213465,1.0188200673508463,0.4979638377585927
{'meninasnascienciasutfpr'},{'curitiba_pmc'},0.03440187646598905,0.31430805316653637,0.01641907740422205,0.47727272727272735,1.5184871099050206,0.0056062905869213465,1.3117585069857567,0.3536148062463853
{'graduacao_utfpr_curitiba'},{'meninasnascienciasutfpr'},0.13604378420641125,0.03440187646598905,0.01563721657544957,0.11494252873563218,3.341170323928945,0.010957055117214936,1.0910004772397266,0.8110407239819005
{'meninasnascienciasutfpr'},{'graduacao_utfpr_curitiba'},0.03440187646598905,0.13604378420641125,0.01563721657544957,0.45454545454545453,3.3411703239289445,0.010957055117214936,1.5839197289549127,0.725668016194332