antecedents,consequents,antecedent support,consequent support,support,confidence,lift,leverage,conviction,zhangs_metric
{'graduacao_utfpr_curitiba'},{'o.projeto.utfpr'},0.13604378420641125,0.027365129007036748,0.010164190774042221,0.07471264367816093,2.7302134646962233,0.006441335068628309,1.051170605917861,0.7335189697180647
{'o.projeto.utfpr'},{'graduacao_utfpr_curitiba'},0.027365129007036748,0.13604378420641125,0.010164190774042221,0.37142857142857144,2.7302134646962237,0.006441335068628309,1.3744757978534365,0.6515582488251299