antecedents,consequents,antecedent support,consequent support,support,confidence,lift,leverage,conviction,zhangs_metric
{'pet.politicaspublicas'},{'curitiba_pmc'},0.029710711493354185,0.31430805316653637,0.017200938232994525,0.5789473684210525,1.8419743388321546,0.007862622345325735,1.628518373729476,0.4711010182404218
{'curitiba_pmc'},{'pet.politicaspublicas'},0.31430805316653637,0.029710711493354185,0.017200938232994525,0.054726368159203974,1.8419743388321548,0.007862622345325735,1.0264639315254516,0.6666321136104486
{'pet.politicaspublicas'},{'dehdeluchi'},0.029710711493354185,0.046129788897576234,0.0109460516028147,0.3684210526315789,7.9866190900981255,0.009575502753629478,1.510294500912171,0.9015770691838378
{'dehdeluchi'},{'pet.politicaspublicas'},0.046129788897576234,0.029710711493354185,0.0109460516028147,0.23728813559322035,7.986619090098126,0.009575502753629478,1.272157067153158,0.917096018735363
{'pet.politicaspublicas'},{'graduacao_utfpr_curitiba'},0.029710711493354185,0.13604378420641125,0.014073494917904612,0.47368421052631576,3.4818511796733214,0.010031537294883793,1.6415168100078183,0.7346226161697555
{'graduacao_utfpr_curitiba'},{'pet.politicaspublicas'},0.13604378420641125,0.029710711493354185,0.014073494917904612,0.10344827586206896,3.481851179673321,0.010031537294883793,1.0822457448727973,0.8250377073906485
{'pet.politicaspublicas'},{'netflixbrasil'},0.029710711493354185,0.2799061767005473,0.012509773260359656,0.42105263157894735,1.5042634519259042,0.0041935615992018775,1.243798422062691,0.34548751007252204
{'netflixbrasil'},{'pet.politicaspublicas'},0.2799061767005473,0.029710711493354185,0.012509773260359656,0.0446927374301676,1.5042634519259042,0.0041935615992018775,1.0156829394309332,0.46552660152008674