antecedents,consequents,antecedent support,consequent support,support,confidence,lift,leverage,conviction,zhangs_metric
{'curitiba_pmc'},{'petcoce_utfpr'},0.31430805316653637,0.03596559812353401,0.013291634089132134,0.04228855721393034,1.175805753839498,0.001987356961954125,1.0066021546865955,0.21805620765980263
{'petcoce_utfpr'},{'curitiba_pmc'},0.03596559812353401,0.31430805316653637,0.013291634089132134,0.3695652173913043,1.175805753839498,0.001987356961954125,1.0876492949772183,0.1550975621392108
{'petcoce_utfpr'},{'graduacao_utfpr_curitiba'},0.03596559812353401,0.13604378420641125,0.01641907740422205,0.4565217391304348,3.3556971514242884,0.011526181334249479,1.5896794370602034,0.7281890858533195
{'graduacao_utfpr_curitiba'},{'petcoce_utfpr'},0.13604378420641125,0.03596559812353401,0.01641907740422205,0.1206896551724138,3.355697151424288,0.011526181334249479,1.0963528491928436,0.812540400775695
{'netflixbrasil'},{'petcoce_utfpr'},0.2799061767005473,0.03596559812353401,0.011727912431587178,0.04189944134078213,1.1649866407578335,0.0016609193680803946,1.0061933407340373,0.19667028592110028
{'petcoce_utfpr'},{'netflixbrasil'},0.03596559812353401,0.2799061767005473,0.011727912431587178,0.32608695652173914,1.1649866407578335,0.0016609193680803946,1.0685263184443492,0.14690456880237907
{'petcoce_utfpr'},{'oquefazercuritiba'},0.03596559812353401,0.2071931196247068,0.010164190774042221,0.28260869565217395,1.363986874487285,0.0027123662996587083,1.105124742341318,0.2768107804604156
{'oquefazercuritiba'},{'petcoce_utfpr'},0.2071931196247068,0.03596559812353401,0.010164190774042221,0.04905660377358491,1.3639868744872847,0.0027123662996587083,1.013766335306601,0.33659535730541656