antecedents,consequents,antecedent support,consequent support,support,confidence,lift,leverage,conviction,zhangs_metric
{'curitiba_pmc'},{'peteco_utfpr'},0.31430805316653637,0.02580140734949179,0.01563721657544957,0.04975124378109452,1.9282375998793906,0.007527626462474041,1.025203754569383,0.7020524515393385
{'peteco_utfpr'},{'curitiba_pmc'},0.02580140734949179,0.31430805316653637,0.01563721657544957,0.606060606060606,1.9282375998793906,0.007527626462474041,1.7406026342695613,0.49414125200642045
{'graduacao_utfpr_curitiba'},{'peteco_utfpr'},0.13604378420641125,0.02580140734949179,0.01563721657544957,0.11494252873563218,4.454893765238593,0.012127095481773594,1.1007178903973274,0.8976470588235295
{'peteco_utfpr'},{'graduacao_utfpr_curitiba'},0.02580140734949179,0.13604378420641125,0.01563721657544957,0.606060606060606,4.454893765238593,0.012127095481773594,2.1931196247068017,0.796067415730337