antecedents,consequents,antecedent support,consequent support,support,confidence,lift,leverage,conviction,zhangs_metric
{'resistenciautfpr'},{'curitiba_pmc'},0.024237685691946835,0.31430805316653637,0.011727912431587178,0.48387096774193544,1.5394800192585458,0.004109812628488954,1.328528146989836,0.35913461538461533
{'curitiba_pmc'},{'resistenciautfpr'},0.31430805316653637,0.024237685691946835,0.011727912431587178,0.03731343283582089,1.5394800192585458,0.004109812628488954,1.0135825590486753,0.5110604332953248
{'resistenciautfpr'},{'graduacao_utfpr_curitiba'},0.024237685691946835,0.13604378420641125,0.012509773260359656,0.5161290322580645,3.7938450129773824,0.009212386778421618,1.7855095126400833,0.7547075320512819
{'graduacao_utfpr_curitiba'},{'resistenciautfpr'},0.13604378420641125,0.024237685691946835,0.012509773260359656,0.09195402298850575,3.793845012977382,0.009212386778421618,1.0745736879088688,0.8523755656108597
{'resistenciautfpr'},{'netflixbrasil'},0.024237685691946835,0.2799061767005473,0.010164190774042221,0.41935483870967744,1.498197873490719,0.003379912839939823,1.24016158457128,0.3407914201183432
{'netflixbrasil'},{'resistenciautfpr'},0.2799061767005473,0.024237685691946835,0.010164190774042221,0.036312849162011177,1.498197873490719,0.003379912839939823,1.012530169629806,0.4617890253069406