antecedents,consequents,antecedent support,consequent support,support,confidence,lift,leverage,conviction,zhangs_metric
{'tutor.utfpr'},{'curitiba_pmc'},0.026583268178264268,0.31430805316653637,0.01563721657544957,0.5882352941176471,1.8715247292947028,0.007281881307535388,1.665251870881269,0.47839357429718865
{'curitiba_pmc'},{'tutor.utfpr'},0.31430805316653637,0.026583268178264268,0.01563721657544957,0.04975124378109452,1.8715247292947028,0.007281881307535388,1.0243809586186852,0.6791334093500568
{'tutor.utfpr'},{'graduacao_utfpr_curitiba'},0.026583268178264268,0.13604378420641125,0.01641907740422205,0.6176470588235294,4.540060851926978,0.012802589004677106,2.259577795152463,0.8010327022375215
{'graduacao_utfpr_curitiba'},{'tutor.utfpr'},0.13604378420641125,0.026583268178264268,0.01641907740422205,0.1206896551724138,4.540060851926978,0.012802589004677106,1.1070229499149151,0.9025210084033614
{'tutor.utfpr'},{'netflixbrasil'},0.026583268178264268,0.2799061767005473,0.010164190774042221,0.3823529411764706,1.3660039434768323,0.0027233698140589468,1.1658661901038758,0.2752548656163115
{'netflixbrasil'},{'tutor.utfpr'},0.2799061767005473,0.026583268178264268,0.010164190774042221,0.036312849162011177,1.3660039434768323,0.0027233698140589468,1.010096202875888,0.3720871961914308
{'tutor.utfpr'},{'pos_utfpr_especializacao'},0.026583268178264268,0.028146989835809225,0.0109460516028147,0.411764705882353,14.629084967320264,0.010197812623598503,1.6521501172791246,0.957085484796328
{'pos_utfpr_especializacao'},{'tutor.utfpr'},0.028146989835809225,0.026583268178264268,0.0109460516028147,0.3888888888888889,14.629084967320262,0.010197812623598503,1.592863742981022,0.958625445351109