antecedents,consequents,antecedent support,consequent support,support,confidence,lift,leverage,conviction,zhangs_metric
{'curitiba_pmc'},{'uniappbrasil_'},0.31430805316653637,0.02580140734949179,0.011727912431587178,0.03731343283582089,1.446178199909543,0.0036183223186116494,1.011958228024559,0.4499429874572405
{'uniappbrasil_'},{'curitiba_pmc'},0.02580140734949179,0.31430805316653637,0.011727912431587178,0.45454545454545453,1.446178199909543,0.0036183223186116494,1.2571019025280168,0.31669341894060987
{'netflixbrasil'},{'uniappbrasil_'},0.2799061767005473,0.02580140734949179,0.010164190774042221,0.036312849162011177,1.4073980023700694,0.002942217489352572,1.010907525127194,0.4019878058966007
{'uniappbrasil_'},{'netflixbrasil'},0.02580140734949179,0.2799061767005473,0.010164190774042221,0.3939393939393939,1.4073980023700694,0.002942217489352572,1.188154808444097,0.2971354488208421